Food Item,Description,price
Grilled Chicken Salad,Fresh salad with grilled chicken breast,11
Vegetable Soup,Hearty soup with a variety of fresh vegetables,8
Baked Salmon,Salmon fillet seasoned and baked to perfection,3
Chicken Noodle Casserole,Classic casserole with tender chicken,4
Quinoa Salad,Quinoa mixed with diced cucumbers,4
Turkey Sandwich,Whole-grain bread with turkey slices,17
Minestrone Soup,Italian-style soup with tomatoes,19
Baked Cod Fish,Cod fillet seasoned and baked,9
Vegetarian Wrap,Whole-wheat wrap with hummus,19
Grilled Vegetable Platter,Assorted grilled vegetables like zucchini,9
Chicken Caesar Salad,Crisp romaine lettuce with grilled chicken,15
Tomato Basil Panini,Pressed sandwich with fresh tomatoes,10
Lentil Soup,Nutritious soup made with lentils,1
Pasta Primavera,Whole-grain pasta with a medley of fresh,12
Roast Beef Wrap,Thinly sliced roast beef with lettuce,13
Steamed Vegetable Dumplings,Light and healthy dumplings filled with a mix of steamed vegetables.,14
Salmon Teriyaki Bowl,Grilled salmon glazed with teriyaki sauce,2
Fruit Salad,Fresh fruit medley with a drizzle of honey and a sprinkle of mint.,10
Egg Salad Sandwich,Egg salad with mayonnaise,3
Greek Yogurt Parfait,Layers of Greek yogurt,16
Mushroom Barley Soup,Comforting soup with mushrooms,16
Turkey Burger,Lean turkey patty served with whole-grain bun,15
Spinach and Feta Wrap,Whole-wheat wrap with spinach,5
Chicken Rice Bowl,Grilled chicken breast served with brown rice and a colorful mix of steamed vegetables.,7
Veggie Burger,Plant-based patty on a whole-grain bun with lettuce,13
Caesar Wrap,Chicken,16
Caprese Salad,Fresh mozzarella,16
Hummus and Veggie Plate,Assorted fresh vegetables served with hummus for dipping.,8
Cheese and Turkey Panini,Sandwich with turkey,1
Chicken and Rice Soup,Classic soup with tender chicken,8
Vegan Lentil Burger,Vegan patty made with lentils,7
Shrimp and Avocado Salad,Fresh salad with grilled shrimp,11
Chicken Vegetable Stir-Fry,Chicken strips stir-fried with a colorful mix of vegetables and served over brown rice.,18
Vegetable Lasagna,Layered lasagna with spinach,9
Fruit Smoothie Bowl,Smoothie bowl topped with granola,16
Mediterranean Wrap,Hummus,7
Turkey Chili,Hearty chili made with ground turkey,17
Salmon Caesar Wrap,Grilled salmon,15
Eggplant Parmesan,Breaded and baked eggplant slices layered with marinara sauce and melted mozzarella.,6
Chicken Pesto Pasta,Grilled chicken tossed with whole-grain pasta,14
Veggie Sushi Roll,Sushi roll filled with avocado,3
Lemon Herb Tilapia,Baked tilapia seasoned with lemon and herbs,7
Black Bean and Corn Salad,Refreshing salad with black beans,20
Chicken Avocado Wrap,Grilled chicken,5
Quinoa Stuffed Peppers,Bell peppers stuffed with quinoa,7
Turkey Meatball Sub,Turkey meatballs with marinara sauce and melted cheese on a whole-grain sub roll.,1
Vegetarian Burrito Bowl,Brown rice topped with black beans,19
Sweet Potato and Chickpea Curry,Curry made with sweet potatoes,8
Cauliflower Fried Rice,Healthy alternative to fried rice,18
Caprese Wrap,Fresh mozzarella,15
Chicken Broccoli Alfredo,Grilled chicken and broccoli in a creamy Alfredo sauce over whole-grain pasta.,12
Spicy Tofu Stir-Fry,Tofu cubes stir-fried with a medley of vegetables in a spicy soy-ginger sauce.,17
Greek Chicken Salad,Grilled chicken on a bed of Greek salad with olives,3
Vegetarian Chili,Hearty chili made with a variety of beans,13
Lemon Dill Quinoa,Fresh quinoa flavored with lemon and dill,15
Turkey Club Sandwich,Turkey,2
Avocado Toast,Whole-grain toast topped with mashed avocado,8
Chicken Teriyaki Bowl,Grilled chicken glazed with teriyaki sauce,8
Sweet and Sour Tofu,Battered and fried tofu cubes in a sweet and sour sauce with bell peppers.,2
