John,Doe,1950-05-15,1234567890,john.doe@example.com,123 Main St,Anytown,12345,Flu,Jane,Doe,John Doe,1980-01-01,456 Elm St,0987654321,,64971293
John,Doe,1950-05-15,1234567890,john.doe@example.com,123 Main St,Anytown,12345,Flu,Jane,Doe,John Doe,1980-01-01,456 Elm St,0987654321,Visual Impairment,18243926
John,Doe,1950-05-15,1234567890,john.doe@example.com,123 Main St,Anytown,12345,Flu,Jane,Doe,John Doe,1980-01-01,456 Elm St,0987654321,Visual Impairment,55661179
John,Doe,1950-05-15,1234567890,john.doe@example.com,123 Main St,Anytown,12345,Flu,Jane,Doe,John Doe,1980-01-01,456 Elm St,0987654321,Visual Impairment,43388780
John,Doe,1950-05-15,1234567890,john.doe@example.com,123 Main St,Anytown,12345,Flu,Jane,Doe,John Doe,1980-01-01,456 Elm St,0987654321,Visual Impairment,70673411
John,Doe,1950-05-15,1234567890,john.doe@example.com,123 Main St,Anytown,12345,Flu,Jane,Doe,John Doe,1980-01-01,456 Elm St,0987654321,Visual Impairment,17836823
John,Doe,1950-05-15,1234567890,john.doe@example.com,123 Main St,Anytown,12345,Flu,Jane,Doe,John Doe,1980-01-01,456 Elm St,0987654321,Visual Impairment,42446089
John,Doe,1950-05-15,1234567890,john.doe@example.com,123 Main St,Anytown,12345,Flu,Jane,Doe,John Doe,1980-01-01,456 Elm St,0987654321,Visual Impairment,74471937
John,Doe,1950-05-15,1234567890,john.doe@example.com,123 Main St,Anytown,12345,Flu,Jane,Doe,John Doe,1980-01-01,456 Elm St,0987654321,Visual Impairment,99602798
John,Doe,1950-05-15,1234567890,john.doe@example.com,123 Main St,Anytown,12345,Flu,Jane,Doe,John Doe,1980-01-01,456 Elm St,0987654321,Visual Impairment,58906234
John,Doe,1950-05-15,1234567890,john.doe@example.com,123 Main St,Anytown,12345,Flu,A common viral infection,Jane,Doe,John Doe,1980-01-01,456 Elm St,0987654321,
John,Doe,1950-05-15,1234567890,john.doe@example.com,123 Main St,Anytown,12345,Flu,Jane,Doe,John Doe,1980-01-01,456 Elm St,0987654321,,51017783
John,Doe,1950-05-15,1234567890,john.doe@example.com,123 Main St,Anytown,12345,Flu,Jane,Doe,John Doe,1980-01-01,456 Elm St,0987654321,Visual Impairment,10657315
John,Doe,1950-05-15,1234567890,john.doe@example.com,123 Main St,Anytown,12345,Flu,Jane,Doe,John Doe,1980-01-01,456 Elm St,0987654321,Visual Impairment,76248931
John,Doe,1950-05-15,1234567890,john.doe@example.com,123 Main St,Anytown,12345,Flu,Jane,Doe,John Doe,1980-01-01,456 Elm St,0987654321,Visual Impairment,71946918
John,Doe,1950-05-15,1234567890,john.doe@example.com,123 Main St,Anytown,12345,Flu,Jane,Doe,John Doe,1980-01-01,456 Elm St,0987654321,Visual Impairment,85368702
John,Doe,1950-05-15,1234567890,john.doe@example.com,123 Main St,Anytown,12345,Flu,Jane,Doe,John Doe,1980-01-01,456 Elm St,0987654321,Visual Impairment,95488415
John,Doe,1950-05-15,1234567890,john.doe@example.com,123 Main St,Anytown,12345,Flu,Influenza virus,e,e,e,1849-01-01,e,1234567890,
John,Doe,1950-05-15,1234567890,john.doe@example.com,123 Main St,Anytown,12345,Flu,Jane,Doe,John Doe,1980-01-01,456 Elm St,0987654321,Visual Impairment,60953745
John,Doe,1950-05-15,1234567890,john.doe@example.com,123 Main St,Anytown,12345,Flu,A common viral infection,Jane,Doe,John Doe,1980-01-01,456 Elm St,0987654321,Cognitive Impairment
John,Doe,1950-05-15,1234567890,john.doe@example.com,123 Main St,Anytown,12345,Flu,Jane,Doe,John Doe,1980-01-01,456 Elm St,0987654321,Visual Impairment,05375564
John,Doe,1950-05-15,1234567890,john.doe@example.com,123 Main St,Anytown,12345,Flu,Jane,Doe,John Doe,1980-01-01,456 Elm St,0987654321,Visual Impairment,32828081
John,Doe,1950-05-15,1234567890,john.doe@example.com,123 Main St,Anytown,12345,Flu,A common viral infection,Jane,Doe,John Doe,1980-01-01,456 Elm St,0987654321,
John,Doe,1950-05-15,1234567890,john.doe@example.com,123 Main St,Anytown,12345,Flu,Jane,Doe,John Doe,1980-01-01,456 Elm St,0987654321,,60935069
John,Doe,1950-05-15,1234567890,john.doe@example.com,123 Main St,Anytown,12345,,Flu,A common viral infection,Jane,Doe,John Doe,1980-01-01,456 Elm St,0987654321,
qa,a,1849-01-01,1234567890,e@2.COM,A,a,12345,,Specialty,Descriptions,az,aa,a,1849-01-01,a,1234567890,
John,Doe,1950-05-15,1234567890,john.doe@example.com,123 Main St,Anytown,12345,Flu,A common viral infection,Jane,Doe,John Doe,1980-01-01,456 Elm St,0987654321,
frame0,John,Doe,1950-05-15,1234567890,john.doe@example.com,123 Main St,Anytown,12345,Flu,Jane,Doe,John Doe,1980-01-01,456 Elm St,0987654321,,13451449
a,aa,a,1849-01-01,1234567898,a@2.com,a,a,12345,yok,var,a,a,a,1849-01-01,a,1234567890,
a,aa,a,1849-01-01,1234567898,a@2.com,a,a,12345,yok,a,a,a,1849-01-01,a,1234567890,,40584615
j,J,D,1970-05-15,1234567890,j@example.com,1 St,town,12345,Flu,Ja,D,J D,1980-01-01,4 St,0987654321,Visual Impairment,77464907
j,J,D,1970-05-15,1234567890,j@example.com,1 St,town,12345,Flu,Ja,D,J D,1980-01-01,4 St,0987654321,Visual Impairment,23582448
