amarco,amarco,amarco,amarco,1979-05-01,1234556789,e2@2.com,amarco,amarco,12345,Specialty,Descriptions,amarco,amarco,amarco,1849-01-01,amarco,1234567899,Visual Impairment
Ziyi,Dong,Zdong,1234,2000-05-29,7495416286,e2@2.com,16,London,Nw7 1fq,Specialty
aaaaaaaaaaa,aaaaaaaaaaa,aaaaaaaaaaa,aaaaaaaaaa,1849-01-01,1234567890,e2@g.com,aaaaaaaaaaa,aaaaaaaaaaa,12345,aaaaaa,aaaaa
Isnail,Ertene,iertene,1234,2003-02-07,1234567899,e2@2.com,a,a,a,yok,var
a,aa,aaa,aaaa,1849-01-01,1234567890,e2@2.copm,a,a,12345,aa,vv
qa,a,a,a,1849-01-01,1234567890,e@2.COM,A,a,12345,Specialty,Descriptions
aa,a,a,a,1849-01-01,1234567898,a@2.com,a,a,12345,yok,var
